Threshold,Precision,Recall,FPR,Method,Category
0.0,0.625,1.0,1.0,wup,Dangerous
0.01,0.625,1.0,1.0,wup,Dangerous
0.02,0.625,1.0,1.0,wup,Dangerous
0.03,0.625,1.0,1.0,wup,Dangerous
0.04,0.625,1.0,1.0,wup,Dangerous
0.05,0.625,1.0,1.0,wup,Dangerous
0.06,0.625,1.0,1.0,wup,Dangerous
0.07,0.625,1.0,1.0,wup,Dangerous
0.08,0.625,1.0,1.0,wup,Dangerous
0.09,0.625,1.0,1.0,wup,Dangerous
0.1,0.625,1.0,1.0,wup,Dangerous
0.11,0.625,1.0,1.0,wup,Dangerous
0.12,0.625,1.0,1.0,wup,Dangerous
0.13,0.625,1.0,1.0,wup,Dangerous
0.14,0.625,1.0,1.0,wup,Dangerous
0.15,0.625,1.0,1.0,wup,Dangerous
0.16,0.625,1.0,1.0,wup,Dangerous
0.17,0.625,1.0,1.0,wup,Dangerous
0.18,0.625,1.0,1.0,wup,Dangerous
0.19,0.625,1.0,1.0,wup,Dangerous
0.2,0.625,1.0,1.0,wup,Dangerous
0.21,0.625,1.0,1.0,wup,Dangerous
0.22,0.625,1.0,1.0,wup,Dangerous
0.23,0.625,1.0,1.0,wup,Dangerous
0.24,0.625,1.0,1.0,wup,Dangerous
0.25,0.625,1.0,1.0,wup,Dangerous
0.26,0.625,1.0,1.0,wup,Dangerous
0.27,0.625,1.0,1.0,wup,Dangerous
0.28,0.625,1.0,1.0,wup,Dangerous
0.29,0.625,1.0,1.0,wup,Dangerous
0.3,0.625,1.0,1.0,wup,Dangerous
0.31,0.625,1.0,1.0,wup,Dangerous
0.32,0.625,1.0,1.0,wup,Dangerous
0.33,0.625,1.0,1.0,wup,Dangerous
0.34,0.625,1.0,1.0,wup,Dangerous
0.35000000000000003,0.625,1.0,1.0,wup,Dangerous
0.36,0.625,1.0,1.0,wup,Dangerous
0.37,0.625,1.0,1.0,wup,Dangerous
0.38,0.625,1.0,1.0,wup,Dangerous
0.39,0.625,1.0,1.0,wup,Dangerous
0.4,0.625,1.0,1.0,wup,Dangerous
0.41000000000000003,0.625,1.0,1.0,wup,Dangerous
0.42,0.625,1.0,1.0,wup,Dangerous
0.43,0.625,1.0,1.0,wup,Dangerous
0.44,0.625,1.0,1.0,wup,Dangerous
0.45,0.625,1.0,1.0,wup,Dangerous
0.46,0.625,1.0,1.0,wup,Dangerous
0.47000000000000003,0.625,1.0,1.0,wup,Dangerous
0.48,0.625,1.0,1.0,wup,Dangerous
0.49,0.625,1.0,1.0,wup,Dangerous
0.5,0.625,1.0,1.0,wup,Dangerous
0.51,0.625,1.0,1.0,wup,Dangerous
0.52,0.625,1.0,1.0,wup,Dangerous
0.53,0.625,1.0,1.0,wup,Dangerous
0.54,0.625,1.0,1.0,wup,Dangerous
0.55,0.625,1.0,1.0,wup,Dangerous
0.56,0.625,1.0,1.0,wup,Dangerous
0.5700000000000001,0.625,1.0,1.0,wup,Dangerous
0.58,0.625,1.0,1.0,wup,Dangerous
0.59,0.625,1.0,1.0,wup,Dangerous
0.6,0.625,1.0,1.0,wup,Dangerous
0.61,0.625,1.0,1.0,wup,Dangerous
0.62,0.625,1.0,1.0,wup,Dangerous
0.63,0.625,1.0,1.0,wup,Dangerous
0.64,0.625,1.0,1.0,wup,Dangerous
0.65,0.625,1.0,1.0,wup,Dangerous
0.66,0.625,1.0,1.0,wup,Dangerous
0.67,0.625,1.0,1.0,wup,Dangerous
0.68,0.625,1.0,1.0,wup,Dangerous
0.6900000000000001,0.625,1.0,1.0,wup,Dangerous
0.7000000000000001,0.625,1.0,1.0,wup,Dangerous
0.71,0.625,1.0,1.0,wup,Dangerous
0.72,0.625,1.0,1.0,wup,Dangerous
0.73,0.7142857142857143,1.0,0.6666666666666666,wup,Dangerous
0.74,0.7142857142857143,1.0,0.6666666666666666,wup,Dangerous
0.75,0.7142857142857143,1.0,0.6666666666666666,wup,Dangerous
0.76,0.6666666666666666,0.8,0.6666666666666666,wup,Dangerous
0.77,0.6,0.6,0.6666666666666666,wup,Dangerous
0.78,0.6666666666666666,0.4,0.3333333333333333,wup,Dangerous
0.79,0.6666666666666666,0.4,0.3333333333333333,wup,Dangerous
0.8,0.5,0.2,0.3333333333333333,wup,Dangerous
0.81,1.0,0.2,0.0,wup,Dangerous
0.8200000000000001,1.0,0.2,0.0,wup,Dangerous
0.8300000000000001,1.0,0.2,0.0,wup,Dangerous
0.84,0.0,0.0,0.0,wup,Dangerous
0.85,0.0,0.0,0.0,wup,Dangerous
0.86,0.0,0.0,0.0,wup,Dangerous
0.87,0.0,0.0,0.0,wup,Dangerous
0.88,0.0,0.0,0.0,wup,Dangerous
0.89,0.0,0.0,0.0,wup,Dangerous
0.9,0.0,0.0,0.0,wup,Dangerous
0.91,0.0,0.0,0.0,wup,Dangerous
0.92,0.0,0.0,0.0,wup,Dangerous
0.93,0.0,0.0,0.0,wup,Dangerous
0.9400000000000001,0.0,0.0,0.0,wup,Dangerous
0.9500000000000001,0.0,0.0,0.0,wup,Dangerous
0.96,0.0,0.0,0.0,wup,Dangerous
0.97,0.0,0.0,0.0,wup,Dangerous
0.98,0.0,0.0,0.0,wup,Dangerous
0.99,0.0,0.0,0.0,wup,Dangerous
1.0,0.0,0.0,0.0,wup,Dangerous
0.0,0.625,1.0,1.0,res,Dangerous
0.01,0.625,1.0,1.0,res,Dangerous
0.02,0.625,1.0,1.0,res,Dangerous
0.03,0.625,1.0,1.0,res,Dangerous
0.04,0.625,1.0,1.0,res,Dangerous
0.05,0.625,1.0,1.0,res,Dangerous
0.06,0.625,1.0,1.0,res,Dangerous
0.07,0.625,1.0,1.0,res,Dangerous
0.08,0.625,1.0,1.0,res,Dangerous
0.09,0.625,1.0,1.0,res,Dangerous
0.1,0.625,1.0,1.0,res,Dangerous
0.11,0.625,1.0,1.0,res,Dangerous
0.12,0.625,1.0,1.0,res,Dangerous
0.13,0.625,1.0,1.0,res,Dangerous
0.14,0.625,1.0,1.0,res,Dangerous
0.15,0.625,1.0,1.0,res,Dangerous
0.16,0.625,1.0,1.0,res,Dangerous
0.17,0.625,1.0,1.0,res,Dangerous
0.18,0.625,1.0,1.0,res,Dangerous
0.19,0.625,1.0,1.0,res,Dangerous
0.2,0.625,1.0,1.0,res,Dangerous
0.21,0.625,1.0,1.0,res,Dangerous
0.22,0.625,1.0,1.0,res,Dangerous
0.23,0.625,1.0,1.0,res,Dangerous
0.24,0.625,1.0,1.0,res,Dangerous
0.25,0.625,1.0,1.0,res,Dangerous
0.26,0.625,1.0,1.0,res,Dangerous
0.27,0.625,1.0,1.0,res,Dangerous
0.28,0.625,1.0,1.0,res,Dangerous
0.29,0.625,1.0,1.0,res,Dangerous
0.3,0.625,1.0,1.0,res,Dangerous
0.31,0.625,1.0,1.0,res,Dangerous
0.32,0.625,1.0,1.0,res,Dangerous
0.33,0.625,1.0,1.0,res,Dangerous
0.34,0.625,1.0,1.0,res,Dangerous
0.35000000000000003,0.625,1.0,1.0,res,Dangerous
0.36,0.625,1.0,1.0,res,Dangerous
0.37,0.625,1.0,1.0,res,Dangerous
0.38,0.625,1.0,1.0,res,Dangerous
0.39,0.625,1.0,1.0,res,Dangerous
0.4,0.625,1.0,1.0,res,Dangerous
0.41000000000000003,0.625,1.0,1.0,res,Dangerous
0.42,0.625,1.0,1.0,res,Dangerous
0.43,0.625,1.0,1.0,res,Dangerous
0.44,0.625,1.0,1.0,res,Dangerous
0.45,0.625,1.0,1.0,res,Dangerous
0.46,0.625,1.0,1.0,res,Dangerous
0.47000000000000003,0.625,1.0,1.0,res,Dangerous
0.48,0.625,1.0,1.0,res,Dangerous
0.49,0.625,1.0,1.0,res,Dangerous
0.5,0.625,1.0,1.0,res,Dangerous
0.51,0.625,1.0,1.0,res,Dangerous
0.52,0.625,1.0,1.0,res,Dangerous
0.53,0.625,1.0,1.0,res,Dangerous
0.54,0.625,1.0,1.0,res,Dangerous
0.55,0.625,1.0,1.0,res,Dangerous
0.56,0.625,1.0,1.0,res,Dangerous
0.5700000000000001,0.7142857142857143,1.0,0.6666666666666666,res,Dangerous
0.58,0.6666666666666666,0.8,0.6666666666666666,res,Dangerous
0.59,0.8,0.8,0.3333333333333333,res,Dangerous
0.6,0.8,0.8,0.3333333333333333,res,Dangerous
0.61,0.8,0.8,0.3333333333333333,res,Dangerous
0.62,0.8,0.8,0.3333333333333333,res,Dangerous
0.63,0.75,0.6,0.3333333333333333,res,Dangerous
0.64,0.5,0.2,0.3333333333333333,res,Dangerous
0.65,0.5,0.2,0.3333333333333333,res,Dangerous
0.66,0.0,0.0,0.3333333333333333,res,Dangerous
0.67,0.0,0.0,0.3333333333333333,res,Dangerous
0.68,0.0,0.0,0.3333333333333333,res,Dangerous
0.6900000000000001,0.0,0.0,0.3333333333333333,res,Dangerous
0.7000000000000001,0.0,0.0,0.3333333333333333,res,Dangerous
0.71,0.0,0.0,0.3333333333333333,res,Dangerous
0.72,0.0,0.0,0.3333333333333333,res,Dangerous
0.73,0.0,0.0,0.3333333333333333,res,Dangerous
0.74,0.0,0.0,0.3333333333333333,res,Dangerous
0.75,0.0,0.0,0.3333333333333333,res,Dangerous
0.76,0.0,0.0,0.3333333333333333,res,Dangerous
0.77,0.0,0.0,0.3333333333333333,res,Dangerous
0.78,0.0,0.0,0.3333333333333333,res,Dangerous
0.79,0.0,0.0,0.3333333333333333,res,Dangerous
0.8,0.0,0.0,0.0,res,Dangerous
0.81,0.0,0.0,0.0,res,Dangerous
0.8200000000000001,0.0,0.0,0.0,res,Dangerous
0.8300000000000001,0.0,0.0,0.0,res,Dangerous
0.84,0.0,0.0,0.0,res,Dangerous
0.85,0.0,0.0,0.0,res,Dangerous
0.86,0.0,0.0,0.0,res,Dangerous
0.87,0.0,0.0,0.0,res,Dangerous
0.88,0.0,0.0,0.0,res,Dangerous
0.89,0.0,0.0,0.0,res,Dangerous
0.9,0.0,0.0,0.0,res,Dangerous
0.91,0.0,0.0,0.0,res,Dangerous
0.92,0.0,0.0,0.0,res,Dangerous
0.93,0.0,0.0,0.0,res,Dangerous
0.9400000000000001,0.0,0.0,0.0,res,Dangerous
0.9500000000000001,0.0,0.0,0.0,res,Dangerous
0.96,0.0,0.0,0.0,res,Dangerous
0.97,0.0,0.0,0.0,res,Dangerous
0.98,0.0,0.0,0.0,res,Dangerous
0.99,0.0,0.0,0.0,res,Dangerous
1.0,0.0,0.0,0.0,res,Dangerous
0.0,0.625,1.0,1.0,jcn,Dangerous
0.01,0.625,1.0,1.0,jcn,Dangerous
0.02,0.625,1.0,1.0,jcn,Dangerous
0.03,0.625,1.0,1.0,jcn,Dangerous
0.04,0.625,1.0,1.0,jcn,Dangerous
0.05,0.625,1.0,1.0,jcn,Dangerous
0.06,0.625,1.0,1.0,jcn,Dangerous
0.07,0.625,1.0,1.0,jcn,Dangerous
0.08,0.625,1.0,1.0,jcn,Dangerous
0.09,0.625,1.0,1.0,jcn,Dangerous
0.1,0.625,1.0,1.0,jcn,Dangerous
0.11,0.625,1.0,1.0,jcn,Dangerous
0.12,0.625,1.0,1.0,jcn,Dangerous
0.13,0.625,1.0,1.0,jcn,Dangerous
0.14,0.625,1.0,1.0,jcn,Dangerous
0.15,0.625,1.0,1.0,jcn,Dangerous
0.16,0.625,1.0,1.0,jcn,Dangerous
0.17,0.625,1.0,1.0,jcn,Dangerous
0.18,0.625,1.0,1.0,jcn,Dangerous
0.19,0.625,1.0,1.0,jcn,Dangerous
0.2,0.625,1.0,1.0,jcn,Dangerous
0.21,0.625,1.0,1.0,jcn,Dangerous
0.22,0.625,1.0,1.0,jcn,Dangerous
0.23,0.625,1.0,1.0,jcn,Dangerous
0.24,0.625,1.0,1.0,jcn,Dangerous
0.25,0.625,1.0,1.0,jcn,Dangerous
0.26,0.625,1.0,1.0,jcn,Dangerous
0.27,0.625,1.0,1.0,jcn,Dangerous
0.28,0.625,1.0,1.0,jcn,Dangerous
0.29,0.625,1.0,1.0,jcn,Dangerous
0.3,0.625,1.0,1.0,jcn,Dangerous
0.31,0.625,1.0,1.0,jcn,Dangerous
0.32,0.625,1.0,1.0,jcn,Dangerous
0.33,0.625,1.0,1.0,jcn,Dangerous
0.34,0.625,1.0,1.0,jcn,Dangerous
0.35000000000000003,0.625,1.0,1.0,jcn,Dangerous
0.36,0.625,1.0,1.0,jcn,Dangerous
0.37,0.625,1.0,1.0,jcn,Dangerous
0.38,0.625,1.0,1.0,jcn,Dangerous
0.39,0.625,1.0,1.0,jcn,Dangerous
0.4,0.625,1.0,1.0,jcn,Dangerous
0.41000000000000003,0.625,1.0,1.0,jcn,Dangerous
0.42,0.625,1.0,1.0,jcn,Dangerous
0.43,0.625,1.0,1.0,jcn,Dangerous
0.44,0.625,1.0,1.0,jcn,Dangerous
0.45,0.625,1.0,1.0,jcn,Dangerous
0.46,0.625,1.0,1.0,jcn,Dangerous
0.47000000000000003,0.625,1.0,1.0,jcn,Dangerous
0.48,0.625,1.0,1.0,jcn,Dangerous
0.49,0.625,1.0,1.0,jcn,Dangerous
0.5,0.625,1.0,1.0,jcn,Dangerous
0.51,0.625,1.0,1.0,jcn,Dangerous
0.52,0.625,1.0,1.0,jcn,Dangerous
0.53,0.625,1.0,1.0,jcn,Dangerous
0.54,0.625,1.0,1.0,jcn,Dangerous
0.55,0.625,1.0,1.0,jcn,Dangerous
0.56,0.625,1.0,1.0,jcn,Dangerous
0.5700000000000001,0.625,1.0,1.0,jcn,Dangerous
0.58,0.625,1.0,1.0,jcn,Dangerous
0.59,0.7142857142857143,1.0,0.6666666666666666,jcn,Dangerous
0.6,0.7142857142857143,1.0,0.6666666666666666,jcn,Dangerous
0.61,0.7142857142857143,1.0,0.6666666666666666,jcn,Dangerous
0.62,0.7142857142857143,1.0,0.6666666666666666,jcn,Dangerous
0.63,0.7142857142857143,1.0,0.6666666666666666,jcn,Dangerous
0.64,0.7142857142857143,1.0,0.6666666666666666,jcn,Dangerous
0.65,0.7142857142857143,1.0,0.6666666666666666,jcn,Dangerous
0.66,0.7142857142857143,1.0,0.6666666666666666,jcn,Dangerous
0.67,0.7142857142857143,1.0,0.6666666666666666,jcn,Dangerous
0.68,0.7142857142857143,1.0,0.6666666666666666,jcn,Dangerous
0.6900000000000001,0.7142857142857143,1.0,0.6666666666666666,jcn,Dangerous
0.7000000000000001,0.7142857142857143,1.0,0.6666666666666666,jcn,Dangerous
0.71,0.7142857142857143,1.0,0.6666666666666666,jcn,Dangerous
0.72,0.7142857142857143,1.0,0.6666666666666666,jcn,Dangerous
0.73,0.6666666666666666,0.8,0.6666666666666666,jcn,Dangerous
0.74,0.6666666666666666,0.8,0.6666666666666666,jcn,Dangerous
0.75,0.6666666666666666,0.8,0.6666666666666666,jcn,Dangerous
0.76,0.6,0.6,0.6666666666666666,jcn,Dangerous
0.77,0.6,0.6,0.6666666666666666,jcn,Dangerous
0.78,0.5,0.4,0.6666666666666666,jcn,Dangerous
0.79,0.5,0.4,0.6666666666666666,jcn,Dangerous
0.8,0.5,0.4,0.6666666666666666,jcn,Dangerous
0.81,0.5,0.4,0.6666666666666666,jcn,Dangerous
0.8200000000000001,0.5,0.4,0.6666666666666666,jcn,Dangerous
0.8300000000000001,0.5,0.4,0.6666666666666666,jcn,Dangerous
0.84,0.5,0.2,0.3333333333333333,jcn,Dangerous
0.85,1.0,0.2,0.0,jcn,Dangerous
0.86,1.0,0.2,0.0,jcn,Dangerous
0.87,1.0,0.2,0.0,jcn,Dangerous
0.88,1.0,0.2,0.0,jcn,Dangerous
0.89,1.0,0.2,0.0,jcn,Dangerous
0.9,1.0,0.2,0.0,jcn,Dangerous
0.91,1.0,0.2,0.0,jcn,Dangerous
0.92,0.0,0.0,0.0,jcn,Dangerous
0.93,0.0,0.0,0.0,jcn,Dangerous
0.9400000000000001,0.0,0.0,0.0,jcn,Dangerous
0.9500000000000001,0.0,0.0,0.0,jcn,Dangerous
0.96,0.0,0.0,0.0,jcn,Dangerous
0.97,0.0,0.0,0.0,jcn,Dangerous
0.98,0.0,0.0,0.0,jcn,Dangerous
0.99,0.0,0.0,0.0,jcn,Dangerous
1.0,0.0,0.0,0.0,jcn,Dangerous
0.0,0.625,1.0,1.0,lin,Dangerous
0.01,0.625,1.0,1.0,lin,Dangerous
0.02,0.625,1.0,1.0,lin,Dangerous
0.03,0.625,1.0,1.0,lin,Dangerous
0.04,0.625,1.0,1.0,lin,Dangerous
0.05,0.625,1.0,1.0,lin,Dangerous
0.06,0.625,1.0,1.0,lin,Dangerous
0.07,0.625,1.0,1.0,lin,Dangerous
0.08,0.625,1.0,1.0,lin,Dangerous
0.09,0.625,1.0,1.0,lin,Dangerous
0.1,0.625,1.0,1.0,lin,Dangerous
0.11,0.625,1.0,1.0,lin,Dangerous
0.12,0.625,1.0,1.0,lin,Dangerous
0.13,0.625,1.0,1.0,lin,Dangerous
0.14,0.625,1.0,1.0,lin,Dangerous
0.15,0.625,1.0,1.0,lin,Dangerous
0.16,0.625,1.0,1.0,lin,Dangerous
0.17,0.625,1.0,1.0,lin,Dangerous
0.18,0.625,1.0,1.0,lin,Dangerous
0.19,0.625,1.0,1.0,lin,Dangerous
0.2,0.625,1.0,1.0,lin,Dangerous
0.21,0.625,1.0,1.0,lin,Dangerous
0.22,0.625,1.0,1.0,lin,Dangerous
0.23,0.625,1.0,1.0,lin,Dangerous
0.24,0.625,1.0,1.0,lin,Dangerous
0.25,0.625,1.0,1.0,lin,Dangerous
0.26,0.625,1.0,1.0,lin,Dangerous
0.27,0.625,1.0,1.0,lin,Dangerous
0.28,0.625,1.0,1.0,lin,Dangerous
0.29,0.625,1.0,1.0,lin,Dangerous
0.3,0.625,1.0,1.0,lin,Dangerous
0.31,0.625,1.0,1.0,lin,Dangerous
0.32,0.625,1.0,1.0,lin,Dangerous
0.33,0.625,1.0,1.0,lin,Dangerous
0.34,0.625,1.0,1.0,lin,Dangerous
0.35000000000000003,0.625,1.0,1.0,lin,Dangerous
0.36,0.625,1.0,1.0,lin,Dangerous
0.37,0.625,1.0,1.0,lin,Dangerous
0.38,0.625,1.0,1.0,lin,Dangerous
0.39,0.625,1.0,1.0,lin,Dangerous
0.4,0.625,1.0,1.0,lin,Dangerous
0.41000000000000003,0.625,1.0,1.0,lin,Dangerous
0.42,0.625,1.0,1.0,lin,Dangerous
0.43,0.625,1.0,1.0,lin,Dangerous
0.44,0.625,1.0,1.0,lin,Dangerous
0.45,0.625,1.0,1.0,lin,Dangerous
0.46,0.625,1.0,1.0,lin,Dangerous
0.47000000000000003,0.625,1.0,1.0,lin,Dangerous
0.48,0.625,1.0,1.0,lin,Dangerous
0.49,0.625,1.0,1.0,lin,Dangerous
0.5,0.625,1.0,1.0,lin,Dangerous
0.51,0.625,1.0,1.0,lin,Dangerous
0.52,0.625,1.0,1.0,lin,Dangerous
0.53,0.625,1.0,1.0,lin,Dangerous
0.54,0.625,1.0,1.0,lin,Dangerous
0.55,0.625,1.0,1.0,lin,Dangerous
0.56,0.625,1.0,1.0,lin,Dangerous
0.5700000000000001,0.625,1.0,1.0,lin,Dangerous
0.58,0.625,1.0,1.0,lin,Dangerous
0.59,0.625,1.0,1.0,lin,Dangerous
0.6,0.625,1.0,1.0,lin,Dangerous
0.61,0.625,1.0,1.0,lin,Dangerous
0.62,0.7142857142857143,1.0,0.6666666666666666,lin,Dangerous
0.63,0.7142857142857143,1.0,0.6666666666666666,lin,Dangerous
0.64,0.6666666666666666,0.8,0.6666666666666666,lin,Dangerous
0.65,0.6666666666666666,0.8,0.6666666666666666,lin,Dangerous
0.66,0.6666666666666666,0.8,0.6666666666666666,lin,Dangerous
0.67,0.6666666666666666,0.8,0.6666666666666666,lin,Dangerous
0.68,0.6666666666666666,0.8,0.6666666666666666,lin,Dangerous
0.6900000000000001,0.75,0.6,0.3333333333333333,lin,Dangerous
0.7000000000000001,0.75,0.6,0.3333333333333333,lin,Dangerous
0.71,0.75,0.6,0.3333333333333333,lin,Dangerous
0.72,0.6666666666666666,0.4,0.3333333333333333,lin,Dangerous
0.73,0.6666666666666666,0.4,0.3333333333333333,lin,Dangerous
0.74,1.0,0.4,0.0,lin,Dangerous
0.75,1.0,0.2,0.0,lin,Dangerous
0.76,1.0,0.2,0.0,lin,Dangerous
0.77,1.0,0.2,0.0,lin,Dangerous
0.78,1.0,0.2,0.0,lin,Dangerous
0.79,1.0,0.2,0.0,lin,Dangerous
0.8,1.0,0.2,0.0,lin,Dangerous
0.81,0.0,0.0,0.0,lin,Dangerous
0.8200000000000001,0.0,0.0,0.0,lin,Dangerous
0.8300000000000001,0.0,0.0,0.0,lin,Dangerous
0.84,0.0,0.0,0.0,lin,Dangerous
0.85,0.0,0.0,0.0,lin,Dangerous
0.86,0.0,0.0,0.0,lin,Dangerous
0.87,0.0,0.0,0.0,lin,Dangerous
0.88,0.0,0.0,0.0,lin,Dangerous
0.89,0.0,0.0,0.0,lin,Dangerous
0.9,0.0,0.0,0.0,lin,Dangerous
0.91,0.0,0.0,0.0,lin,Dangerous
0.92,0.0,0.0,0.0,lin,Dangerous
0.93,0.0,0.0,0.0,lin,Dangerous
0.9400000000000001,0.0,0.0,0.0,lin,Dangerous
0.9500000000000001,0.0,0.0,0.0,lin,Dangerous
0.96,0.0,0.0,0.0,lin,Dangerous
0.97,0.0,0.0,0.0,lin,Dangerous
0.98,0.0,0.0,0.0,lin,Dangerous
0.99,0.0,0.0,0.0,lin,Dangerous
1.0,0.0,0.0,0.0,lin,Dangerous
0.0,0.625,1.0,1.0,path,Dangerous
0.01,0.625,1.0,1.0,path,Dangerous
0.02,0.625,1.0,1.0,path,Dangerous
0.03,0.625,1.0,1.0,path,Dangerous
0.04,0.625,1.0,1.0,path,Dangerous
0.05,0.625,1.0,1.0,path,Dangerous
0.06,0.625,1.0,1.0,path,Dangerous
0.07,0.625,1.0,1.0,path,Dangerous
0.08,0.625,1.0,1.0,path,Dangerous
0.09,0.625,1.0,1.0,path,Dangerous
0.1,0.625,1.0,1.0,path,Dangerous
0.11,0.625,1.0,1.0,path,Dangerous
0.12,0.625,1.0,1.0,path,Dangerous
0.13,0.625,1.0,1.0,path,Dangerous
0.14,0.625,1.0,1.0,path,Dangerous
0.15,0.625,1.0,1.0,path,Dangerous
0.16,0.625,1.0,1.0,path,Dangerous
0.17,0.625,1.0,1.0,path,Dangerous
0.18,0.625,1.0,1.0,path,Dangerous
0.19,0.625,1.0,1.0,path,Dangerous
0.2,0.625,1.0,1.0,path,Dangerous
0.21,0.625,1.0,1.0,path,Dangerous
0.22,0.625,1.0,1.0,path,Dangerous
0.23,0.625,1.0,1.0,path,Dangerous
0.24,0.625,1.0,1.0,path,Dangerous
0.25,0.625,1.0,1.0,path,Dangerous
0.26,0.625,1.0,1.0,path,Dangerous
0.27,0.625,1.0,1.0,path,Dangerous
0.28,0.625,1.0,1.0,path,Dangerous
0.29,0.625,1.0,1.0,path,Dangerous
0.3,0.625,1.0,1.0,path,Dangerous
0.31,0.625,1.0,1.0,path,Dangerous
0.32,0.625,1.0,1.0,path,Dangerous
0.33,0.625,1.0,1.0,path,Dangerous
0.34,0.625,1.0,1.0,path,Dangerous
0.35000000000000003,0.625,1.0,1.0,path,Dangerous
0.36,0.625,1.0,1.0,path,Dangerous
0.37,0.625,1.0,1.0,path,Dangerous
0.38,0.625,1.0,1.0,path,Dangerous
0.39,0.625,1.0,1.0,path,Dangerous
0.4,0.625,1.0,1.0,path,Dangerous
0.41000000000000003,0.625,1.0,1.0,path,Dangerous
0.42,0.625,1.0,1.0,path,Dangerous
0.43,0.625,1.0,1.0,path,Dangerous
0.44,0.625,1.0,1.0,path,Dangerous
0.45,0.625,1.0,1.0,path,Dangerous
0.46,0.625,1.0,1.0,path,Dangerous
0.47000000000000003,0.625,1.0,1.0,path,Dangerous
0.48,0.625,1.0,1.0,path,Dangerous
0.49,0.625,1.0,1.0,path,Dangerous
0.5,0.7142857142857143,1.0,0.6666666666666666,path,Dangerous
0.51,0.7142857142857143,1.0,0.6666666666666666,path,Dangerous
0.52,0.7142857142857143,1.0,0.6666666666666666,path,Dangerous
0.53,0.7142857142857143,1.0,0.6666666666666666,path,Dangerous
0.54,0.7142857142857143,1.0,0.6666666666666666,path,Dangerous
0.55,0.7142857142857143,1.0,0.6666666666666666,path,Dangerous
0.56,0.7142857142857143,1.0,0.6666666666666666,path,Dangerous
0.5700000000000001,0.6666666666666666,0.8,0.6666666666666666,path,Dangerous
0.58,0.6666666666666666,0.8,0.6666666666666666,path,Dangerous
0.59,0.8,0.8,0.3333333333333333,path,Dangerous
0.6,0.8,0.8,0.3333333333333333,path,Dangerous
0.61,0.75,0.6,0.3333333333333333,path,Dangerous
0.62,0.75,0.6,0.3333333333333333,path,Dangerous
0.63,0.75,0.6,0.3333333333333333,path,Dangerous
0.64,0.6666666666666666,0.4,0.3333333333333333,path,Dangerous
0.65,0.6666666666666666,0.4,0.3333333333333333,path,Dangerous
0.66,0.6666666666666666,0.4,0.3333333333333333,path,Dangerous
0.67,1.0,0.4,0.0,path,Dangerous
0.68,1.0,0.4,0.0,path,Dangerous
0.6900000000000001,1.0,0.4,0.0,path,Dangerous
0.7000000000000001,1.0,0.2,0.0,path,Dangerous
0.71,1.0,0.2,0.0,path,Dangerous
0.72,1.0,0.2,0.0,path,Dangerous
0.73,1.0,0.2,0.0,path,Dangerous
0.74,1.0,0.2,0.0,path,Dangerous
0.75,1.0,0.2,0.0,path,Dangerous
0.76,1.0,0.2,0.0,path,Dangerous
0.77,1.0,0.2,0.0,path,Dangerous
0.78,1.0,0.2,0.0,path,Dangerous
0.79,0.0,0.0,0.0,path,Dangerous
0.8,0.0,0.0,0.0,path,Dangerous
0.81,0.0,0.0,0.0,path,Dangerous
0.8200000000000001,0.0,0.0,0.0,path,Dangerous
0.8300000000000001,0.0,0.0,0.0,path,Dangerous
0.84,0.0,0.0,0.0,path,Dangerous
0.85,0.0,0.0,0.0,path,Dangerous
0.86,0.0,0.0,0.0,path,Dangerous
0.87,0.0,0.0,0.0,path,Dangerous
0.88,0.0,0.0,0.0,path,Dangerous
0.89,0.0,0.0,0.0,path,Dangerous
0.9,0.0,0.0,0.0,path,Dangerous
0.91,0.0,0.0,0.0,path,Dangerous
0.92,0.0,0.0,0.0,path,Dangerous
0.93,0.0,0.0,0.0,path,Dangerous
0.9400000000000001,0.0,0.0,0.0,path,Dangerous
0.9500000000000001,0.0,0.0,0.0,path,Dangerous
0.96,0.0,0.0,0.0,path,Dangerous
0.97,0.0,0.0,0.0,path,Dangerous
0.98,0.0,0.0,0.0,path,Dangerous
0.99,0.0,0.0,0.0,path,Dangerous
1.0,0.0,0.0,0.0,path,Dangerous
0.0,0.625,1.0,1.0,lch,Dangerous
0.01,0.625,1.0,1.0,lch,Dangerous
0.02,0.625,1.0,1.0,lch,Dangerous
0.03,0.625,1.0,1.0,lch,Dangerous
0.04,0.625,1.0,1.0,lch,Dangerous
0.05,0.625,1.0,1.0,lch,Dangerous
0.06,0.625,1.0,1.0,lch,Dangerous
0.07,0.625,1.0,1.0,lch,Dangerous
0.08,0.625,1.0,1.0,lch,Dangerous
0.09,0.625,1.0,1.0,lch,Dangerous
0.1,0.625,1.0,1.0,lch,Dangerous
0.11,0.625,1.0,1.0,lch,Dangerous
0.12,0.625,1.0,1.0,lch,Dangerous
0.13,0.625,1.0,1.0,lch,Dangerous
0.14,0.625,1.0,1.0,lch,Dangerous
0.15,0.625,1.0,1.0,lch,Dangerous
0.16,0.625,1.0,1.0,lch,Dangerous
0.17,0.625,1.0,1.0,lch,Dangerous
0.18,0.625,1.0,1.0,lch,Dangerous
0.19,0.625,1.0,1.0,lch,Dangerous
0.2,0.625,1.0,1.0,lch,Dangerous
0.21,0.625,1.0,1.0,lch,Dangerous
0.22,0.625,1.0,1.0,lch,Dangerous
0.23,0.625,1.0,1.0,lch,Dangerous
0.24,0.625,1.0,1.0,lch,Dangerous
0.25,0.625,1.0,1.0,lch,Dangerous
0.26,0.625,1.0,1.0,lch,Dangerous
0.27,0.625,1.0,1.0,lch,Dangerous
0.28,0.625,1.0,1.0,lch,Dangerous
0.29,0.625,1.0,1.0,lch,Dangerous
0.3,0.625,1.0,1.0,lch,Dangerous
0.31,0.625,1.0,1.0,lch,Dangerous
0.32,0.625,1.0,1.0,lch,Dangerous
0.33,0.625,1.0,1.0,lch,Dangerous
0.34,0.625,1.0,1.0,lch,Dangerous
0.35000000000000003,0.625,1.0,1.0,lch,Dangerous
0.36,0.625,1.0,1.0,lch,Dangerous
0.37,0.625,1.0,1.0,lch,Dangerous
0.38,0.625,1.0,1.0,lch,Dangerous
0.39,0.625,1.0,1.0,lch,Dangerous
0.4,0.625,1.0,1.0,lch,Dangerous
0.41000000000000003,0.625,1.0,1.0,lch,Dangerous
0.42,0.625,1.0,1.0,lch,Dangerous
0.43,0.625,1.0,1.0,lch,Dangerous
0.44,0.625,1.0,1.0,lch,Dangerous
0.45,0.625,1.0,1.0,lch,Dangerous
0.46,0.625,1.0,1.0,lch,Dangerous
0.47000000000000003,0.625,1.0,1.0,lch,Dangerous
0.48,0.625,1.0,1.0,lch,Dangerous
0.49,0.625,1.0,1.0,lch,Dangerous
0.5,0.625,1.0,1.0,lch,Dangerous
0.51,0.625,1.0,1.0,lch,Dangerous
0.52,0.625,1.0,1.0,lch,Dangerous
0.53,0.625,1.0,1.0,lch,Dangerous
0.54,0.625,1.0,1.0,lch,Dangerous
0.55,0.625,1.0,1.0,lch,Dangerous
0.56,0.625,1.0,1.0,lch,Dangerous
0.5700000000000001,0.625,1.0,1.0,lch,Dangerous
0.58,0.625,1.0,1.0,lch,Dangerous
0.59,0.625,1.0,1.0,lch,Dangerous
0.6,0.625,1.0,1.0,lch,Dangerous
0.61,0.625,1.0,1.0,lch,Dangerous
0.62,0.625,1.0,1.0,lch,Dangerous
0.63,0.625,1.0,1.0,lch,Dangerous
0.64,0.625,1.0,1.0,lch,Dangerous
0.65,0.7142857142857143,1.0,0.6666666666666666,lch,Dangerous
0.66,0.8333333333333334,1.0,0.3333333333333333,lch,Dangerous
0.67,0.8,0.8,0.3333333333333333,lch,Dangerous
0.68,1.0,0.6,0.0,lch,Dangerous
0.6900000000000001,1.0,0.6,0.0,lch,Dangerous
0.7000000000000001,1.0,0.6,0.0,lch,Dangerous
0.71,1.0,0.2,0.0,lch,Dangerous
0.72,1.0,0.2,0.0,lch,Dangerous
0.73,1.0,0.2,0.0,lch,Dangerous
0.74,0.0,0.0,0.0,lch,Dangerous
0.75,0.0,0.0,0.0,lch,Dangerous
0.76,0.0,0.0,0.0,lch,Dangerous
0.77,0.0,0.0,0.0,lch,Dangerous
0.78,0.0,0.0,0.0,lch,Dangerous
0.79,0.0,0.0,0.0,lch,Dangerous
0.8,0.0,0.0,0.0,lch,Dangerous
0.81,0.0,0.0,0.0,lch,Dangerous
0.8200000000000001,0.0,0.0,0.0,lch,Dangerous
0.8300000000000001,0.0,0.0,0.0,lch,Dangerous
0.84,0.0,0.0,0.0,lch,Dangerous
0.85,0.0,0.0,0.0,lch,Dangerous
0.86,0.0,0.0,0.0,lch,Dangerous
0.87,0.0,0.0,0.0,lch,Dangerous
0.88,0.0,0.0,0.0,lch,Dangerous
0.89,0.0,0.0,0.0,lch,Dangerous
0.9,0.0,0.0,0.0,lch,Dangerous
0.91,0.0,0.0,0.0,lch,Dangerous
0.92,0.0,0.0,0.0,lch,Dangerous
0.93,0.0,0.0,0.0,lch,Dangerous
0.9400000000000001,0.0,0.0,0.0,lch,Dangerous
0.9500000000000001,0.0,0.0,0.0,lch,Dangerous
0.96,0.0,0.0,0.0,lch,Dangerous
0.97,0.0,0.0,0.0,lch,Dangerous
0.98,0.0,0.0,0.0,lch,Dangerous
0.99,0.0,0.0,0.0,lch,Dangerous
1.0,0.0,0.0,0.0,lch,Dangerous
